,pdb1,pdb2,rmsd_h12,rmsd_l12,engineered_1,engineered_2
0,4ocs,4xcc,6.880438828778474,6.803279853224355,True,True
1,5n4j,6med,11.101780808022422,5.1091507597672425,True,True
2,4lkc,6apc,7.107955215373124,7.673545515682434,True,True
3,4ky1,5f7e,3.8540551328174946,7.167453376354208,True,True
4,4odh,5jqd,5.695446114687813,5.3177762697495305,True,True
5,5ubz,6tke,13.389079476153317,5.201860340275887,True,False
6,4f57,6tke,6.592252681000346,7.4645655584521515,False,False
7,3qos,7km6,3.453957761575842,1.2129426251254425,True,False
8,5drw,5i1j,9.472242652053156,11.831889489637515,True,True
9,1qlr,4m5y,5.741330420730025,5.696993553274166,False,True
